{
  "Component-dbg.js": 1602748938000,
  "controller/View1.controller.js": 1602813517973,
  "model/models.js": 1602748938000,
  "manifest.json": 1602820036016,
  "Component.js": 1602748938000,
  "manifest-bundle.zip": 1602820035476,
  "Component-preload.js": 1602820035966,
  "model/models-dbg.js": 1602748938000,
  "controller/View1-dbg.controller.js": 1602813517973,
  "i18n/i18n.properties": 1602748938000,
  "resources.json": 1602820036019,
  "view/View1.view.xml": 1602813597998,
  "css/style.css": 1602748938000,
  "index.html": 1602748938000
}